{
  "n": 2000,
  "seeds": 20,
  "true_beta": [
    1.5,
    -2.0,
    0.5
  ],
  "rows": [
    {
      "mu": 0.5,
      "ols_orig_err_mean": 0.0033151364096448963,
      "naive_synthetic_err_mean": 0.5745685808986017,
      "naive_synthetic_err_std": 0.040378962460386525,
      "binagg_dp_err_mean": 0.09321895666804766,
      "binagg_dp_err_std": 0.04522982272086689
    },
    {
      "mu": 1.0,
      "ols_orig_err_mean": 0.0033151364096448963,
      "naive_synthetic_err_mean": 0.32719803426203015,
      "naive_synthetic_err_std": 0.040344896808710715,
      "binagg_dp_err_mean": 0.05847604135049508,
      "binagg_dp_err_std": 0.03147286364708735
    },
    {
      "mu": 2.0,
      "ols_orig_err_mean": 0.0033151364096448963,
      "naive_synthetic_err_mean": 0.1715445924812845,
      "naive_synthetic_err_std": 0.022172078099450484,
      "binagg_dp_err_mean": 0.03135068347518892,
      "binagg_dp_err_std": 0.011054339723806771
    },
    {
      "mu": 5.0,
      "ols_orig_err_mean": 0.0033151364096448963,
      "naive_synthetic_err_mean": 0.06395926712284465,
      "naive_synthetic_err_std": 0.016031849504295176,
      "binagg_dp_err_mean": 0.01799895851352998,
      "binagg_dp_err_std": 0.008529696834748114
    }
  ]
}