mu,ols_orig_err,naive_synthetic_err,binagg_dp_err
0.5,0.0033151364096448963,0.5745685808986017,0.09321895666804766
1.0,0.0033151364096448963,0.32719803426203015,0.05847604135049508
2.0,0.0033151364096448963,0.1715445924812845,0.03135068347518892
5.0,0.0033151364096448963,0.06395926712284465,0.01799895851352998
