variant,mu,binagg_relmse_mean,binagg_relmse_std,ols_relmse
paper_faithful,0.5,0.507511320707315,0.023869091015792154,0.44125860308425474
paper_faithful,1.0,0.4495054526068737,0.005486312319392902,0.44125860308425474
paper_faithful,2.0,0.4433593341516392,0.0006510565989708733,0.44125860308425474
paper_faithful,5.0,0.4437734422155934,0.0005149054548694163,0.44125860308425474
clean,0.5,0.07771617453253439,0.03859574335474527,0.0275073294128654
clean,1.0,0.049541559404029746,0.011331991003711007,0.0275073294128654
clean,2.0,0.03597026544680168,0.002978080221724354,0.0275073294128654
clean,5.0,0.03154543997595505,0.000852084341350929,0.0275073294128654
