mu,ci_width_median,ci_width_mean,dp_ols_coef_relL2,synthetic_mean_y_err,synthetic_std_y_err,n_seeds_ok
0.5,0.04444537618595812,1.4116423207232756,5.377933072891223,0.7968428092527947,1.9079981154591283,5
1.0,0.04387501638753014,1.6984357378377422,3.6429242656137424,0.44603392318011315,1.2264344836230485,5
2.0,0.05688318518072714,2.8971450991750247,3.4287714449960682,0.16102042266033384,0.6414257608212057,5
5.0,0.01410075536067094,4.4862115786710275,1.1831150832276467,0.04331607712947276,0.22859178516502685,5
