mu,ci_width_mean,synthetic_mean_y_err,synthetic_std_y_err,n_seeds_ok
0.5,1.4607080953244123,0.8560203233302246,1.6429151363636687,5
1.0,1.0675552602373997,0.46772099347449136,0.9433048366638376,5
2.0,0.7757346239573614,0.2173126624135302,0.38308250657060683,5
5.0,0.38678698245049964,0.05915922814112666,0.03551580312758933,5
