{
  "n": 6941,
  "d": 11,
  "target": "CO(GT)",
  "features": [
    "PT08.S1(CO)",
    "C6H6(GT)",
    "PT08.S2(NMHC)",
    "NOx(GT)",
    "PT08.S3(NOx)",
    "NO2(GT)",
    "PT08.S4(NO2)",
    "PT08.S5(O3)",
    "T",
    "RH",
    "AH"
  ],
  "preprocessing": {
    "missing_sentinel": -200,
    "dropped_features": [
      "NMHC(GT)"
    ],
    "n_example_baseline": 9357,
    "n_used": 6941,
    "note": "NMHC(GT) dropped (~90% missing); rows with -200 in any remaining used column removed."
  },
  "ols_coef": [
    0.001171,
    0.144369,
    -0.001184,
    0.001514,
    -8.7e-05,
    0.002024,
    0.000718,
    -0.000317,
    -0.023817,
    -0.006149,
    -0.040392
  ],
  "rows": [
    {
      "mu": 0.5,
      "n_seeds_ok": 5,
      "ci_width_median": 0.04444537618595812,
      "ci_width_mean": 1.4116423207232756,
      "dp_ols_coef_relL2_mean": 5.377933072891223,
      "synthetic_mean_y_err": 0.7968428092527947,
      "synthetic_std_y_err": 1.9079981154591283,
      "dp_coef_mean": [
        0.00064,
        0.03373,
        0.00176,
        0.00061,
        -0.00046,
        -0.00028,
        -7e-05,
        0.00051,
        -0.02397,
        -0.00727,
        0.02774
      ]
    },
    {
      "mu": 1.0,
      "n_seeds_ok": 5,
      "ci_width_median": 0.04387501638753014,
      "ci_width_mean": 1.6984357378377422,
      "dp_ols_coef_relL2_mean": 3.6429242656137424,
      "synthetic_mean_y_err": 0.44603392318011315,
      "synthetic_std_y_err": 1.2264344836230485,
      "dp_coef_mean": [
        0.00087,
        0.02313,
        0.00057,
        0.0021,
        -0.00068,
        -0.00121,
        0.00075,
        0.00041,
        -0.00577,
        -0.00732,
        -0.45498
      ]
    },
    {
      "mu": 2.0,
      "n_seeds_ok": 5,
      "ci_width_median": 0.05688318518072714,
      "ci_width_mean": 2.8971450991750247,
      "dp_ols_coef_relL2_mean": 3.4287714449960682,
      "synthetic_mean_y_err": 0.16102042266033384,
      "synthetic_std_y_err": 0.6414257608212057,
      "dp_coef_mean": [
        8e-05,
        0.02695,
        0.0012,
        0.00253,
        -0.00054,
        -0.00247,
        0.00142,
        7e-05,
        -0.02419,
        -0.00901,
        -0.54634
      ]
    },
    {
      "mu": 5.0,
      "n_seeds_ok": 5,
      "ci_width_median": 0.01410075536067094,
      "ci_width_mean": 4.4862115786710275,
      "dp_ols_coef_relL2_mean": 1.1831150832276467,
      "synthetic_mean_y_err": 0.04331607712947276,
      "synthetic_std_y_err": 0.22859178516502685,
      "dp_coef_mean": [
        0.00094,
        0.02808,
        0.00168,
        0.00242,
        -0.00048,
        -0.0048,
        0.00102,
        -8e-05,
        -0.04745,
        -0.01821,
        -0.09329
      ]
    }
  ],
  "options_note": {
    "optionA_coef_mu1_seed42": [
      -0.00143,
      0.02581,
      0.00282,
      0.00325,
      0.00016,
      -0.00539,
      0.00074,
      0.00038,
      0.0296,
      -0.00034,
      -1.52717
    ],
    "optionC_n_synthetic_mu1_seed42": 6941,
    "optionC_n_bins_used": 127
  },
  "mean_y": 2.182466503385679,
  "std_y": 1.441054065898178,
  "cond_xtx": 427155737.7947055,
  "moment_reference": "cleaned original (after -200 removal)",
  "coef_table": {
    "feature": [
      "PT08.S1(CO)",
      "C6H6(GT)",
      "PT08.S2(NMHC)",
      "NOx(GT)",
      "PT08.S3(NOx)",
      "NO2(GT)",
      "PT08.S4(NO2)",
      "PT08.S5(O3)",
      "T",
      "RH",
      "AH"
    ],
    "ols": [
      0.00117,
      0.14437,
      -0.00118,
      0.00151,
      -9e-05,
      0.00202,
      0.00072,
      -0.00032,
      -0.02382,
      -0.00615,
      -0.04039
    ],
    "dp_mu0.5": [
      0.00064,
      0.03373,
      0.00176,
      0.00061,
      -0.00046,
      -0.00028,
      -7e-05,
      0.00051,
      -0.02397,
      -0.00727,
      0.02774
    ],
    "dp_mu1.0": [
      0.00087,
      0.02313,
      0.00057,
      0.0021,
      -0.00068,
      -0.00121,
      0.00075,
      0.00041,
      -0.00577,
      -0.00732,
      -0.45498
    ],
    "dp_mu2.0": [
      8e-05,
      0.02695,
      0.0012,
      0.00253,
      -0.00054,
      -0.00247,
      0.00142,
      7e-05,
      -0.02419,
      -0.00901,
      -0.54634
    ],
    "dp_mu5.0": [
      0.00094,
      0.02808,
      0.00168,
      0.00242,
      -0.00048,
      -0.0048,
      0.00102,
      -8e-05,
      -0.04745,
      -0.01821,
      -0.09329
    ]
  }
}