{
  "n": 9357,
  "d": 12,
  "target": "CO(GT)",
  "features": [
    "PT08.S1(CO)",
    "NMHC(GT)",
    "C6H6(GT)",
    "PT08.S2(NMHC)",
    "NOx(GT)",
    "PT08.S3(NOx)",
    "NO2(GT)",
    "PT08.S4(NO2)",
    "PT08.S5(O3)",
    "T",
    "RH",
    "AH"
  ],
  "ols_coef": [
    -0.016178,
    0.054233,
    0.69241,
    -0.053641,
    0.038015,
    -0.001642,
    0.383058,
    0.001923,
    -0.009011,
    0.379115,
    0.178757,
    -0.895131
  ],
  "rows": [
    {
      "mu": 0.5,
      "n_seeds_ok": 5,
      "ci_width_mean": 1.4607080953244123,
      "synthetic_mean_y_err": 0.8560203233302246,
      "synthetic_std_y_err": 1.6429151363636687,
      "dp_coef_mean": [
        -0.0001,
        0.00011,
        -0.00856,
        0.00057,
        0.00194,
        -4e-05,
        0.00186,
        0.0001,
        0.00162,
        -0.02347,
        -0.00986,
        0.02717
      ]
    },
    {
      "mu": 1.0,
      "n_seeds_ok": 5,
      "ci_width_mean": 1.0675552602373997,
      "synthetic_mean_y_err": 0.46772099347449136,
      "synthetic_std_y_err": 0.9433048366638376,
      "dp_coef_mean": [
        0.00063,
        0.00197,
        0.00651,
        4e-05,
        0.00291,
        -0.00075,
        0.00294,
        0.00071,
        0.0002,
        -0.02218,
        -0.00503,
        0.10631
      ]
    },
    {
      "mu": 2.0,
      "n_seeds_ok": 5,
      "ci_width_mean": 0.7757346239573614,
      "synthetic_mean_y_err": 0.2173126624135302,
      "synthetic_std_y_err": 0.38308250657060683,
      "dp_coef_mean": [
        0.0005,
        0.0023,
        0.01132,
        0.00075,
        0.0039,
        -0.00048,
        0.00275,
        0.00096,
        -0.00061,
        -0.03004,
        -0.01027,
        -0.01329
      ]
    },
    {
      "mu": 5.0,
      "n_seeds_ok": 5,
      "ci_width_mean": 0.38678698245049964,
      "synthetic_mean_y_err": 0.05915922814112666,
      "synthetic_std_y_err": 0.03551580312758933,
      "dp_coef_mean": [
        -5e-05,
        0.00279,
        0.03254,
        -5e-05,
        0.00439,
        -8e-05,
        0.00298,
        0.00105,
        -0.00024,
        -0.02944,
        -0.01351,
        0.27537
      ]
    }
  ],
  "options_note": {
    "optionA_coef_mu1_seed42": [
      0.00086,
      0.00135,
      -0.0028,
      0.00109,
      0.00379,
      -0.0002,
      -0.00138,
      0.00078,
      -0.00027,
      -0.02627,
      -0.0179,
      -0.17691
    ],
    "optionC_n_synthetic_mu1_seed42": 9357,
    "optionC_n_bins_used": 159
  },
  "raw_mean_y": -34.20752377898899,
  "raw_std_y": 77.65302055281114,
  "clipped_mean_y": 1.7655445121299558,
  "clipped_std_y": 1.5541809474136843,
  "n_missing_sentinel_y": 1683,
  "moment_reference": "clipped original (domain bounds); see reproducibility note"
}